Workbook

Sheet Caudal de Diseño
B2: CALCULO DE CAUDAL DE DISEÑO DE AGUA POTABLE FRÍA Y CALIENTE
B3: Predominan | C3: Tanques
B4: Tipo de uso | C4: Privado
B6: Pieza | C6: Cantidad de piezas | D6: Unidades accesorio por pieza | E6: Tipo de agua | F6: Unidades accesorio Total | G6: Unidades accesorio por pieza | H6: Unidades accesorio Agua Fría Total | I6: Unidades accesorio por pieza | J6: Unidades accesorio Agua Caliente Total
B7: Lavatorio | C7: 10 | D7: =IF(IF($C$4="Privado",1,0)=1,VLOOKUP(B7,'Piezas Sanitarias'!$B$4:$F$20,4,FALSE),VLOOKUP(B7,'Piezas Sanitarias'!$B$4:$F$20,5,FALSE)) -> 1 | E7: Fría y Caliente | F7: =C7*D7 -> 10 | G7: =IF(E7="Fría",D7,D7*3/4) -> 0.75 | H7: =C7*G7 -> 7.5 | I7: =IF(E7="Fría",0,D7*3/4) -> 0.75 | J7: =C7*I7 -> 7.5
B8: Ducha | C8: 6 | D8: =IF(IF($C$4="Privado",1,0)=1,VLOOKUP(B8,'Piezas Sanitarias'!$B$4:$F$20,4,FALSE),VLOOKUP(B8,'Piezas Sanitarias'!$B$4:$F$20,5,FALSE)) -> 2 | E8: Fría y Caliente | F8: =C8*D8 -> 12 | G8: =IF(E8="Fría",D8,D8*3/4) -> 1.5 | H8: =C8*G8 -> 9 | I8: =IF(E8="Fría",0,D8*3/4) -> 1.5 | J8: =C8*I8 -> 9
B9: Tina de baño | C9: 4 | D9: =IF(IF($C$4="Privado",1,0)=1,VLOOKUP(B9,'Piezas Sanitarias'!$B$4:$F$20,4,FALSE),VLOOKUP(B9,'Piezas Sanitarias'!$B$4:$F$20,5,FALSE)) -> 2 | E9: Fría y Caliente | F9: =C9*D9 -> 8 | G9: =IF(E9="Fría",D9,D9*3/4) -> 1.5 | H9: =C9*G9 -> 6 | I9: =IF(E9="Fría",0,D9*3/4) -> 1.5 | J9: =C9*I9 -> 6
B10: Inodoro con tanque | C10: 10 | D10: =IF(IF($C$4="Privado",1,0)=1,VLOOKUP(B10,'Piezas Sanitarias'!$B$4:$F$20,4,FALSE),VLOOKUP(B10,'Piezas Sanitarias'!$B$4:$F$20,5,FALSE)) -> 3 | E10: Fría | F10: =C10*D10 -> 30 | G10: =IF(E10="Fría",D10,D10*3/4) -> 3 | H10: =C10*G10 -> 30 | I10: =IF(E10="Fría",0,D10*3/4) -> 0 | J10: =C10*I10 -> 0
B11: Fregadero doméstico | C11: 6 | D11: =IF(IF($C$4="Privado",1,0)=1,VLOOKUP(B11,'Piezas Sanitarias'!$B$4:$F$20,4,FALSE),VLOOKUP(B11,'Piezas Sanitarias'!$B$4:$F$20,5,FALSE)) -> 2 | E11: Fría y Caliente | F11: =C11*D11 -> 12 | G11: =IF(E11="Fría",D11,D11*3/4) -> 1.5 | H11: =C11*G11 -> 9 | I11: =IF(E11="Fría",0,D11*3/4) -> 1.5 | J11: =C11*I11 -> 9
B12: Lavaplatos doméstico | C12: 6 | D12: =IF(IF($C$4="Privado",1,0)=1,VLOOKUP(B12,'Piezas Sanitarias'!$B$4:$F$20,4,FALSE),VLOOKUP(B12,'Piezas Sanitarias'!$B$4:$F$20,5,FALSE)) -> 1.5 | E12: Fría y Caliente | F12: =C12*D12 -> 9 | G12: =IF(E12="Fría",D12,D12*3/4) -> 1.125 | H12: =C12*G12 -> 6.75 | I12: =IF(E12="Fría",0,D12*3/4) -> 1.125 | J12: =C12*I12 -> 6.75
B13: Lavadora | C13: 6 | D13: =IF(IF($C$4="Privado",1,0)=1,VLOOKUP(B13,'Piezas Sanitarias'!$B$4:$F$20,4,FALSE),VLOOKUP(B13,'Piezas Sanitarias'!$B$4:$F$20,5,FALSE)) -> 4 | E13: Fría y Caliente | F13: =C13*D13 -> 24 | G13: =IF(E13="Fría",D13,D13*3/4) -> 3 | H13: =C13*G13 -> 18 | I13: =IF(E13="Fría",0,D13*3/4) -> 3 | J13: =C13*I13 -> 18
D14: =IF(IF($C$4="Privado",1,0)=1,VLOOKUP(B14,'Piezas Sanitarias'!$B$4:$F$20,4,FALSE),VLOOKUP(B14,'Piezas Sanitarias'!$B$4:$F$20,5,FALSE)) -> 0 | E14: Fría | F14: =C14*D14 -> 0 | G14: =IF(E14="Fría",D14,D14*3/4) -> 0 | H14: =C14*G14 -> 0 | I14: =IF(E14="Fría",0,D14*3/4) -> 0 | J14: =C14*I14 -> 0
D15: =IF(IF($C$4="Privado",1,0)=1,VLOOKUP(B15,'Piezas Sanitarias'!$B$4:$F$20,4,FALSE),VLOOKUP(B15,'Piezas Sanitarias'!$B$4:$F$20,5,FALSE)) -> 0 | E15: Fría | F15: =C15*D15 -> 0 | G15: =IF(E15="Fría",D15,D15*3/4) -> 0 | H15: =C15*G15 -> 0 | I15: =IF(E15="Fría",0,D15*3/4) -> 0 | J15: =C15*I15 -> 0
D16: =IF(IF($C$4="Privado",1,0)=1,VLOOKUP(B16,'Piezas Sanitarias'!$B$4:$F$20,4,FALSE),VLOOKUP(B16,'Piezas Sanitarias'!$B$4:$F$20,5,FALSE)) -> 0 | E16: Fría | F16: =C16*D16 -> 0 | G16: =IF(E16="Fría",D16,D16*3/4) -> 0 | H16: =C16*G16 -> 0 | I16: =IF(E16="Fría",0,D16*3/4) -> 0 | J16: =C16*I16 -> 0
D17: TOTAL | F17: =SUM(F7:F16) -> 105 | H17: =SUM(H7:H16) -> 86.25 | J17: =SUM(J7:J16) -> 56.25 | K17: l/s
D18: Caudal probable | F18: =(IFERROR( IF($C$3="Tanques", IF(F17<100, 0.13*POWER(F17,0.669), 0.0145*F17+1.39-0.00000283*POWER(F17,2) ), IF($C$3="Fluxometros", IF(F17<150, 0.68*POWER(F17,0.4), 0.0122*F17+3.37-0.00000215*POWER(F17,2) ) ) ), 0))/1000 -> 0.0028812993 | G18: m3/s | H18: =(IFERROR( IF($C$3="Tanques", IF(H17<100, 0.13*POWER(H17,0.669), 0.0145*H17+1.39-0.00000283*POWER(H17,2) ), IF($C$3="Fluxometros", IF(H17<150, 0.68*POWER(H17,0.4), 0.0122*H17+3.37-0.00000215*POWER(H17,2) ) ) ), 0))/1000 -> 0.0025642844 | I18: m3/s | J18: =(IFERROR( IF($C$3="Tanques", IF(J17<100, 0.13*POWER(J17,0.669), 0.0145*J17+1.39-0.00000283*POWER(J17,2) ), IF($C$3="Fluxometros", IF(J17<150, 0.68*POWER(J17,0.4), 0.0122*J17+3.37-0.00000215*POWER(J17,2) ) ) ), 0))/1000 -> 0.001926528 | K18: l/s
F19: =(IFERROR( IF($C$3="Tanques", IF(F17<100, 0.13*POWER(F17,0.669), 0.0145*F17+1.39-0.00000283*POWER(F17,2) ), IF($C$3="Fluxometros", IF(F17<150, 0.68*POWER(F17,0.4), 0.0122*F17+3.37-0.00000215*POWER(F17,2) ) ) ), 0)) -> 2.8812993 | G19: l/s | H19: =(IFERROR( IF($C$3="Tanques", IF(H17<100, 0.13*POWER(H17,0.669), 0.0145*H17+1.39-0.00000283*POWER(H17,2) ), IF($C$3="Fluxometros", IF(H17<150, 0.68*POWER(H17,0.4), 0.0122*H17+3.37-0.00000215*POWER(H17,2) ) ) ), 0)) -> 2.5642844 | I19: l/s | J19: =(IFERROR( IF($C$3="Tanques", IF(J17<100, 0.13*POWER(J17,0.669), 0.0145*J17+1.39-0.00000283*POWER(J17,2) ), IF($C$3="Fluxometros", IF(J17<150, 0.68*POWER(J17,0.4), 0.0122*J17+3.37-0.00000215*POWER(J17,2) ) ) ), 0)) -> 1.926528 | K19: gpm

Sheet Piezas Sanitarias
B3: Accesorio | C3: Diámetro mínimo (mm) | D3: Presión mínima (mca) | E3: Unidades de accesorio (Uso privado) | F3: Unidades de accesorio (Uso público)
B4: Tina de baño | C4: 12 | D4: 2 | E4: 2 | F4: 4
B5: Bidé | C5: 12 | D5: 3 | E5: 1 | F5: 2
B6: Ducha | C6: 12 | D6: 2 | E6: 2 | F6: 4
B7: Fregadero doméstico | C7: 12 | D7: 2 | E7: 2 | F7: 4
B8: Fregadero comercial | C8: 12 | D8: 2 | E8: 0 | F8: 4
B9: Fregadero clínicas | C9: 12 | D9: 4 | E9: 0 | F9: 8
B10: Inodoro con tanque | C10: 12 | D10: 2 | E10: 3 | F10: 5
B11: Inodoro con fluxómetro | C11: 32 | D11: 7 a 14 | E11: 6 | F11: 10
B12: Fuente para beber | C12: 12 | D12: 2,5 | E12: 0 | F12: 1
B13: Lavatorio | C13: 12 | D13: 2 | E13: 1 | F13: 2
B14: Lavadora | C14: 12 | D14: 3,5 | E14: 4 | F14: 0
B15: Llave para riego (jardín) | C15: 12 | D15: 10 | E15: 2 | F15: 2
B16: Mingitorios con tanque | C16: 18 | D16: 2 | E16: 0 | F16: 3
B17: Mingitorios con fluxómetro | C17: 18 | D17: 5 a 10 | E17: 5 | F17: 6
B18: Lavaplatos doméstico | C18: 12 | D18: 2 | E18: 1.5 | F18: 0
B19: Pileta de lavar | C19: 12 | D19: 2 | E19: 2 | F19: 4

Sheet Memoria de Cálculo
B3: TRAMO | C3: Longitud | D3: Caudal | E3: Velocidad | F3: Diam | G3: Diam | H3: Diam | I3: SDR | J3: C | K3: Caída | L3: Presión | M3: Altura | N3: Tramos | O3: Ruta | P3: TRAMO
C4: tubería | F4: inter | G4: selec | H4: nominal | K4: Presión | L4: mínima | M4: geométrica | N4: Críticos | O4: Crítica
C5: (m) | D5: (m3/s) | E5: (m/s) | F5: (mm) | G5: (mm) | H5: (pulg) | K5: (mca) | L5: (mca) | M5: (m) | O5: (mca)
B7: A-B | D7: =+'Caudal de Diseño'!$F$18/1000 -> 2.8812993e-06 | F7: =((((4*D7)/(PI()*E7))^(0.5))*1000) -> #DIV/0! | I7: 26 | J7: 150 | K7: =((10.675*((D7/J7))^(1.85))*C7)/(G7/1000)^(4.87) -> #DIV/0! | P7: A-B
B8: B-C | D8: =+'Caudal de Diseño'!$F$18/1000 -> 2.8812993e-06 | F8: =((((4*D8)/(PI()*E8))^(0.5))*1000) -> #DIV/0! | I8: 26 | J8: 150 | K8: =((10.675*((D8/J8))^(1.85))*C8)/(G8/1000)^(4.87) -> #DIV/0! | P8: B-C
B9: C-D | D9: =+'Caudal de Diseño'!$F$18/1000 -> 2.8812993e-06 | F9: =((((4*D9)/(PI()*E9))^(0.5))*1000) -> #DIV/0! | I9: 26 | J9: 150 | K9: =((10.675*((D9/J9))^(1.85))*C9)/(G9/1000)^(4.87) -> #DIV/0! | P9: C-D
B10: D-E | D10: =+'Caudal de Diseño'!$F$18/1000 -> 2.8812993e-06 | F10: =((((4*D10)/(PI()*E10))^(0.5))*1000) -> #DIV/0! | I10: 26 | J10: 150 | K10: =((10.675*((D10/J10))^(1.85))*C10)/(G10/1000)^(4.87) -> #DIV/0! | P10: D-E
B11: E-F | D11: =+'Caudal de Diseño'!$F$18/1000 -> 2.8812993e-06 | F11: =((((4*D11)/(PI()*E11))^(0.5))*1000) -> #DIV/0! | I11: 26 | J11: 150 | K11: =((10.675*((D11/J11))^(1.85))*C11)/(G11/1000)^(4.87) -> #DIV/0! | P11: E-F
B12: F-G | D12: =+'Caudal de Diseño'!$F$18/1000 -> 2.8812993e-06 | F12: =((((4*D12)/(PI()*E12))^(0.5))*1000) -> #DIV/0! | I12: 26 | J12: 150 | K12: =((10.675*((D12/J12))^(1.85))*C12)/(G12/1000)^(4.87) -> #DIV/0! | P12: F-G
B13: E-H | D13: =+'Caudal de Diseño'!$F$18/1000 -> 2.8812993e-06 | F13: =((((4*D13)/(PI()*E13))^(0.5))*1000) -> #DIV/0! | I13: 26 | J13: 150 | K13: =((10.675*((D13/J13))^(1.85))*C13)/(G13/1000)^(4.87) -> #DIV/0! | P13: E-H
B14: H-I | D14: =+'Caudal de Diseño'!$F$18/1000 -> 2.8812993e-06 | F14: =((((4*D14)/(PI()*E14))^(0.5))*1000) -> #DIV/0! | I14: 26 | J14: 150 | K14: =((10.675*((D14/J14))^(1.85))*C14)/(G14/1000)^(4.87) -> #DIV/0! | P14: H-I
B15: H-J | D15: =+'Caudal de Diseño'!$F$18/1000 -> 2.8812993e-06 | F15: =((((4*D15)/(PI()*E15))^(0.5))*1000) -> #DIV/0! | I15: 26 | J15: 150 | K15: =((10.675*((D15/J15))^(1.85))*C15)/(G15/1000)^(4.87) -> #DIV/0! | P15: H-J
B16: J-K | D16: =+'Caudal de Diseño'!$F$18/1000 -> 2.8812993e-06 | F16: =((((4*D16)/(PI()*E16))^(0.5))*1000) -> #DIV/0! | I16: 26 | J16: 150 | K16: =((10.675*((D16/J16))^(1.85))*C16)/(G16/1000)^(4.87) -> #DIV/0! | P16: J-K
B17: K-L | D17: =+'Caudal de Diseño'!$F$18/1000 -> 2.8812993e-06 | F17: =((((4*D17)/(PI()*E17))^(0.5))*1000) -> #DIV/0! | I17: 26 | J17: 150 | K17: =((10.675*((D17/J17))^(1.85))*C17)/(G17/1000)^(4.87) -> #DIV/0! | P17: K-L
B18: M-N | D18: =+'Caudal de Diseño'!$F$18/1000 -> 2.8812993e-06 | F18: =((((4*D18)/(PI()*E18))^(0.5))*1000) -> #DIV/0! | I18: 26 | J18: 150 | K18: =((10.675*((D18/J18))^(1.85))*C18)/(G18/1000)^(4.87) -> #DIV/0! | P18: M-N
