Workbook

Sheet Caudal de Diseño
B1: A-B
B2: CALCULO DE CAUDAL DE DISEÑO DE AGUA POTABLE FRÍA Y CALIENTE
B3: Predominan | C3: Tanques
B4: Tipo de uso | C4: Privado
B6: Pieza | C6: Cantidad de piezas | D6: Unidades accesorio por pieza | E6: Tipo de agua | F6: Unidades accesorio Total | G6: Unidades accesorio por pieza | H6: Unidades accesorio Agua Fría Total | I6: Unidades accesorio por pieza | J6: Unidades accesorio Agua Caliente Total
B7: Inodoro con tanque | C7: 5 | D7: =IF(IF($C$4="Privado",1,0)=1,VLOOKUP(B7,'Piezas Sanitarias'!$B$4:$F$20,4,FALSE),VLOOKUP(B7,'Piezas Sanitarias'!$B$4:$F$20,5,FALSE)) -> 3 | E7: Fría | F7: =C7*D7 -> 15 | G7: =IF(E7="Fría",D7,D7*3/4) -> 3 | H7: =C7*G7 -> 15 | I7: =IF(E7="Fría",0,D7*3/4) -> 0 | J7: =C7*I7 -> 0
B8: Lavatorio | C8: 5 | D8: =IF(IF($C$4="Privado",1,0)=1,VLOOKUP(B8,'Piezas Sanitarias'!$B$4:$F$20,4,FALSE),VLOOKUP(B8,'Piezas Sanitarias'!$B$4:$F$20,5,FALSE)) -> 1 | E8: Fría y Caliente | F8: =C8*D8 -> 5 | G8: =IF(E8="Fría",D8,D8*3/4) -> 0.75 | H8: =C8*G8 -> 3.75 | I8: =IF(E8="Fría",0,D8*3/4) -> 0.75 | J8: =C8*I8 -> 3.75
B9: Ducha | C9: 2 | D9: =IF(IF($C$4="Privado",1,0)=1,VLOOKUP(B9,'Piezas Sanitarias'!$B$4:$F$20,4,FALSE),VLOOKUP(B9,'Piezas Sanitarias'!$B$4:$F$20,5,FALSE)) -> 2 | E9: Fría y Caliente | F9: =C9*D9 -> 4 | G9: =IF(E9="Fría",D9,D9*3/4) -> 1.5 | H9: =C9*G9 -> 3 | I9: =IF(E9="Fría",0,D9*3/4) -> 1.5 | J9: =C9*I9 -> 3
B10: Pileta de lavar | C10: 1 | D10: =IF(IF($C$4="Privado",1,0)=1,VLOOKUP(B10,'Piezas Sanitarias'!$B$4:$F$20,4,FALSE),VLOOKUP(B10,'Piezas Sanitarias'!$B$4:$F$20,5,FALSE)) -> 2 | E10: Fría | F10: =C10*D10 -> 2 | G10: =IF(E10="Fría",D10,D10*3/4) -> 2 | H10: =C10*G10 -> 2 | I10: =IF(E10="Fría",0,D10*3/4) -> 0 | J10: =C10*I10 -> 0
B11: Fregadero doméstico | C11: 2 | D11: =IF(IF($C$4="Privado",1,0)=1,VLOOKUP(B11,'Piezas Sanitarias'!$B$4:$F$20,4,FALSE),VLOOKUP(B11,'Piezas Sanitarias'!$B$4:$F$20,5,FALSE)) -> 2 | E11: Fría y Caliente | F11: =C11*D11 -> 4 | G11: =IF(E11="Fría",D11,D11*3/4) -> 1.5 | H11: =C11*G11 -> 3 | I11: =IF(E11="Fría",0,D11*3/4) -> 1.5 | J11: =C11*I11 -> 3
D12: =IF(IF($C$4="Privado",1,0)=1,VLOOKUP(B12,'Piezas Sanitarias'!$B$4:$F$20,4,FALSE),VLOOKUP(B12,'Piezas Sanitarias'!$B$4:$F$20,5,FALSE)) -> 0 | E12: Fría y Caliente | F12: =C12*D12 -> 0 | G12: =IF(E12="Fría",D12,D12*3/4) -> 0 | H12: =C12*G12 -> 0 | I12: =IF(E12="Fría",0,D12*3/4) -> 0 | J12: =C12*I12 -> 0
D13: =IF(IF($C$4="Privado",1,0)=1,VLOOKUP(B13,'Piezas Sanitarias'!$B$4:$F$20,4,FALSE),VLOOKUP(B13,'Piezas Sanitarias'!$B$4:$F$20,5,FALSE)) -> 0 | E13: Fría y Caliente | F13: =C13*D13 -> 0 | G13: =IF(E13="Fría",D13,D13*3/4) -> 0 | H13: =C13*G13 -> 0 | I13: =IF(E13="Fría",0,D13*3/4) -> 0 | J13: =C13*I13 -> 0
D14: =IF(IF($C$4="Privado",1,0)=1,VLOOKUP(B14,'Piezas Sanitarias'!$B$4:$F$20,4,FALSE),VLOOKUP(B14,'Piezas Sanitarias'!$B$4:$F$20,5,FALSE)) -> 0 | E14: Fría | F14: =C14*D14 -> 0 | G14: =IF(E14="Fría",D14,D14*3/4) -> 0 | H14: =C14*G14 -> 0 | I14: =IF(E14="Fría",0,D14*3/4) -> 0 | J14: =C14*I14 -> 0
D15: =IF(IF($C$4="Privado",1,0)=1,VLOOKUP(B15,'Piezas Sanitarias'!$B$4:$F$20,4,FALSE),VLOOKUP(B15,'Piezas Sanitarias'!$B$4:$F$20,5,FALSE)) -> 0 | E15: Fría | F15: =C15*D15 -> 0 | G15: =IF(E15="Fría",D15,D15*3/4) -> 0 | H15: =C15*G15 -> 0 | I15: =IF(E15="Fría",0,D15*3/4) -> 0 | J15: =C15*I15 -> 0
D16: =IF(IF($C$4="Privado",1,0)=1,VLOOKUP(B16,'Piezas Sanitarias'!$B$4:$F$20,4,FALSE),VLOOKUP(B16,'Piezas Sanitarias'!$B$4:$F$20,5,FALSE)) -> 0 | E16: Fría | F16: =C16*D16 -> 0 | G16: =IF(E16="Fría",D16,D16*3/4) -> 0 | H16: =C16*G16 -> 0 | I16: =IF(E16="Fría",0,D16*3/4) -> 0 | J16: =C16*I16 -> 0
D17: TOTAL | F17: =SUM(F7:F16) -> 30 | H17: =SUM(H7:H16) -> 26.75 | J17: =SUM(J7:J16) -> 9.75
D18: Caudal probable | F18: =(IFERROR( IF($C$3="Tanques", IF(F17<100, 0.13*POWER(F17,0.669), 0.0145*F17+1.39-0.00000283*POWER(F17,2) ), IF($C$3="Fluxometros", IF(F17<150, 0.68*POWER(F17,0.4), 0.0122*F17+3.37-0.00000215*POWER(F17,2) ) ) ), 0))/1000 -> 0.0012651368 | G18: m3/s | H18: =(IFERROR( IF($C$3="Tanques", IF(H17<100, 0.13*POWER(H17,0.669), 0.0145*H17+1.39-0.00000283*POWER(H17,2) ), IF($C$3="Fluxometros", IF(H17<150, 0.68*POWER(H17,0.4), 0.0122*H17+3.37-0.00000215*POWER(H17,2) ) ) ), 0))/1000 -> 0.0011717176 | I18: m3/s | J18: =(IFERROR( IF($C$3="Tanques", IF(J17<100, 0.13*POWER(J17,0.669), 0.0145*J17+1.39-0.00000283*POWER(J17,2) ), IF($C$3="Fluxometros", IF(J17<150, 0.68*POWER(J17,0.4), 0.0122*J17+3.37-0.00000215*POWER(J17,2) ) ) ), 0))/1000 -> 0.0005964684 | K18: m3/s
F19: =(IFERROR( IF($C$3="Tanques", IF(F17<100, 0.13*POWER(F17,0.669), 0.0145*F17+1.39-0.00000283*POWER(F17,2) ), IF($C$3="Fluxometros", IF(F17<150, 0.68*POWER(F17,0.4), 0.0122*F17+3.37-0.00000215*POWER(F17,2) ) ) ), 0)) -> 1.2651368 | G19: l/s | H19: =(IFERROR( IF($C$3="Tanques", IF(H17<100, 0.13*POWER(H17,0.669), 0.0145*H17+1.39-0.00000283*POWER(H17,2) ), IF($C$3="Fluxometros", IF(H17<150, 0.68*POWER(H17,0.4), 0.0122*H17+3.37-0.00000215*POWER(H17,2) ) ) ), 0)) -> 1.1717176 | I19: l/s | J19: =(IFERROR( IF($C$3="Tanques", IF(J17<100, 0.13*POWER(J17,0.669), 0.0145*J17+1.39-0.00000283*POWER(J17,2) ), IF($C$3="Fluxometros", IF(J17<150, 0.68*POWER(J17,0.4), 0.0122*J17+3.37-0.00000215*POWER(J17,2) ) ) ), 0)) -> 0.5964684 | K19: l/s
B23: B-C
B25: CALCULO DE CAUDAL DE DISEÑO DE AGUA POTABLE FRÍA Y CALIENTE
B26: Predominan | C26: Tanques
B27: Tipo de uso | C27: Privado
B29: Pieza | C29: Cantidad de piezas | D29: Unidades accesorio por pieza | E29: Tipo de agua | F29: Unidades accesorio Total | G29: Unidades accesorio por pieza | H29: Unidades accesorio Agua Fría Total | I29: Unidades accesorio por pieza | J29: Unidades accesorio Agua Caliente Total
B30: Inodoro con tanque | C30: 2 | D30: =IF(IF($C$4="Privado",1,0)=1,VLOOKUP(B30,'Piezas Sanitarias'!$B$4:$F$20,4,FALSE),VLOOKUP(B30,'Piezas Sanitarias'!$B$4:$F$20,5,FALSE)) -> 3 | E30: Fría | F30: =C30*D30 -> 6 | G30: =IF(E30="Fría",D30,D30*3/4) -> 3 | H30: =C30*G30 -> 6 | I30: =IF(E30="Fría",0,D30*3/4) -> 0 | J30: =C30*I30 -> 0
B31: Lavatorio | C31: 2 | D31: =IF(IF($C$4="Privado",1,0)=1,VLOOKUP(B31,'Piezas Sanitarias'!$B$4:$F$20,4,FALSE),VLOOKUP(B31,'Piezas Sanitarias'!$B$4:$F$20,5,FALSE)) -> 1 | E31: Fría y Caliente | F31: =C31*D31 -> 2 | G31: =IF(E31="Fría",D31,D31*3/4) -> 0.75 | H31: =C31*G31 -> 1.5 | I31: =IF(E31="Fría",0,D31*3/4) -> 0.75 | J31: =C31*I31 -> 1.5
B32: Ducha | C32: 1 | D32: =IF(IF($C$4="Privado",1,0)=1,VLOOKUP(B32,'Piezas Sanitarias'!$B$4:$F$20,4,FALSE),VLOOKUP(B32,'Piezas Sanitarias'!$B$4:$F$20,5,FALSE)) -> 2 | E32: Fría y Caliente | F32: =C32*D32 -> 2 | G32: =IF(E32="Fría",D32,D32*3/4) -> 1.5 | H32: =C32*G32 -> 1.5 | I32: =IF(E32="Fría",0,D32*3/4) -> 1.5 | J32: =C32*I32 -> 1.5
B33: Pileta de lavar | C33: 1 | D33: =IF(IF($C$4="Privado",1,0)=1,VLOOKUP(B33,'Piezas Sanitarias'!$B$4:$F$20,4,FALSE),VLOOKUP(B33,'Piezas Sanitarias'!$B$4:$F$20,5,FALSE)) -> 2 | E33: Fría | F33: =C33*D33 -> 2 | G33: =IF(E33="Fría",D33,D33*3/4) -> 2 | H33: =C33*G33 -> 2 | I33: =IF(E33="Fría",0,D33*3/4) -> 0 | J33: =C33*I33 -> 0
B34: Fregadero doméstico | C34: 2 | D34: =IF(IF($C$4="Privado",1,0)=1,VLOOKUP(B34,'Piezas Sanitarias'!$B$4:$F$20,4,FALSE),VLOOKUP(B34,'Piezas Sanitarias'!$B$4:$F$20,5,FALSE)) -> 2 | E34: Fría y Caliente | F34: =C34*D34 -> 4 | G34: =IF(E34="Fría",D34,D34*3/4) -> 1.5 | H34: =C34*G34 -> 3 | I34: =IF(E34="Fría",0,D34*3/4) -> 1.5 | J34: =C34*I34 -> 3
D35: =IF(IF($C$4="Privado",1,0)=1,VLOOKUP(B35,'Piezas Sanitarias'!$B$4:$F$20,4,FALSE),VLOOKUP(B35,'Piezas Sanitarias'!$B$4:$F$20,5,FALSE)) -> 0 | E35: Fría y Caliente | F35: =C35*D35 -> 0 | G35: =IF(E35="Fría",D35,D35*3/4) -> 0 | H35: =C35*G35 -> 0 | I35: =IF(E35="Fría",0,D35*3/4) -> 0 | J35: =C35*I35 -> 0
D36: =IF(IF($C$4="Privado",1,0)=1,VLOOKUP(B36,'Piezas Sanitarias'!$B$4:$F$20,4,FALSE),VLOOKUP(B36,'Piezas Sanitarias'!$B$4:$F$20,5,FALSE)) -> 0 | E36: Fría y Caliente | F36: =C36*D36 -> 0 | G36: =IF(E36="Fría",D36,D36*3/4) -> 0 | H36: =C36*G36 -> 0 | I36: =IF(E36="Fría",0,D36*3/4) -> 0 | J36: =C36*I36 -> 0
D37: =IF(IF($C$4="Privado",1,0)=1,VLOOKUP(B37,'Piezas Sanitarias'!$B$4:$F$20,4,FALSE),VLOOKUP(B37,'Piezas Sanitarias'!$B$4:$F$20,5,FALSE)) -> 0 | E37: Fría | F37: =C37*D37 -> 0 | G37: =IF(E37="Fría",D37,D37*3/4) -> 0 | H37: =C37*G37 -> 0 | I37: =IF(E37="Fría",0,D37*3/4) -> 0 | J37: =C37*I37 -> 0
D38: =IF(IF($C$4="Privado",1,0)=1,VLOOKUP(B38,'Piezas Sanitarias'!$B$4:$F$20,4,FALSE),VLOOKUP(B38,'Piezas Sanitarias'!$B$4:$F$20,5,FALSE)) -> 0 | E38: Fría | F38: =C38*D38 -> 0 | G38: =IF(E38="Fría",D38,D38*3/4) -> 0 | H38: =C38*G38 -> 0 | I38: =IF(E38="Fría",0,D38*3/4) -> 0 | J38: =C38*I38 -> 0
D39: =IF(IF($C$4="Privado",1,0)=1,VLOOKUP(B39,'Piezas Sanitarias'!$B$4:$F$20,4,FALSE),VLOOKUP(B39,'Piezas Sanitarias'!$B$4:$F$20,5,FALSE)) -> 0 | E39: Fría | F39: =C39*D39 -> 0 | G39: =IF(E39="Fría",D39,D39*3/4) -> 0 | H39: =C39*G39 -> 0 | I39: =IF(E39="Fría",0,D39*3/4) -> 0 | J39: =C39*I39 -> 0
D40: TOTAL | F40: =SUM(F30:F39) -> 16 | H40: =SUM(H30:H39) -> 14 | J40: =SUM(J30:J39) -> 6
D41: Caudal probable | F41: =(IFERROR( IF($C$3="Tanques", IF(F40<100, 0.13*POWER(F40,0.669), 0.0145*F40+1.39-0.00000283*POWER(F40,2) ), IF($C$3="Fluxometros", IF(F40<150, 0.68*POWER(F40,0.4), 0.0122*F40+3.37-0.00000215*POWER(F40,2) ) ) ), 0))/1000 -> 0.00083080599 | G41: m3/s | H41: =(IFERROR( IF($C$3="Tanques", IF(H40<100, 0.13*POWER(H40,0.669), 0.0145*H40+1.39-0.00000283*POWER(H40,2) ), IF($C$3="Fluxometros", IF(H40<150, 0.68*POWER(H40,0.4), 0.0122*H40+3.37-0.00000215*POWER(H40,2) ) ) ), 0))/1000 -> 0.00075980651 | I41: m3/s | J41: =(IFERROR( IF($C$3="Tanques", IF(J40<100, 0.13*POWER(J40,0.669), 0.0145*J40+1.39-0.00000283*POWER(J40,2) ), IF($C$3="Fluxometros", IF(J40<150, 0.68*POWER(J40,0.4), 0.0122*J40+3.37-0.00000215*POWER(J40,2) ) ) ), 0))/1000 -> 0.0004310489 | K41: m3/s
F42: =(IFERROR( IF($C$3="Tanques", IF(F40<100, 0.13*POWER(F40,0.669), 0.0145*F40+1.39-0.00000283*POWER(F40,2) ), IF($C$3="Fluxometros", IF(F40<150, 0.68*POWER(F40,0.4), 0.0122*F40+3.37-0.00000215*POWER(F40,2) ) ) ), 0)) -> 0.83080599 | G42: l/s | H42: =(IFERROR( IF($C$3="Tanques", IF(H40<100, 0.13*POWER(H40,0.669), 0.0145*H40+1.39-0.00000283*POWER(H40,2) ), IF($C$3="Fluxometros", IF(H40<150, 0.68*POWER(H40,0.4), 0.0122*H40+3.37-0.00000215*POWER(H40,2) ) ) ), 0)) -> 0.75980651 | I42: l/s | J42: =(IFERROR( IF($C$3="Tanques", IF(J40<100, 0.13*POWER(J40,0.669), 0.0145*J40+1.39-0.00000283*POWER(J40,2) ), IF($C$3="Fluxometros", IF(J40<150, 0.68*POWER(J40,0.4), 0.0122*J40+3.37-0.00000215*POWER(J40,2) ) ) ), 0)) -> 0.4310489 | K42: l/s
B47: D-E
B49: CALCULO DE CAUDAL DE DISEÑO DE AGUA POTABLE FRÍA Y CALIENTE
B50: Predominan | C50: Tanques
B51: Tipo de uso | C51: Privado
B53: Pieza | C53: Cantidad de piezas | D53: Unidades accesorio por pieza | E53: Tipo de agua | F53: Unidades accesorio Total | G53: Unidades accesorio por pieza | H53: Unidades accesorio Agua Fría Total | I53: Unidades accesorio por pieza | J53: Unidades accesorio Agua Caliente Total
B54: Inodoro con tanque | C54: 1 | D54: =IF(IF($C$4="Privado",1,0)=1,VLOOKUP(B54,'Piezas Sanitarias'!$B$4:$F$20,4,FALSE),VLOOKUP(B54,'Piezas Sanitarias'!$B$4:$F$20,5,FALSE)) -> 3 | E54: Fría | F54: =C54*D54 -> 3 | G54: =IF(E54="Fría",D54,D54*3/4) -> 3 | H54: =C54*G54 -> 3 | I54: =IF(E54="Fría",0,D54*3/4) -> 0 | J54: =C54*I54 -> 0
B55: Lavatorio | C55: 1 | D55: =IF(IF($C$4="Privado",1,0)=1,VLOOKUP(B55,'Piezas Sanitarias'!$B$4:$F$20,4,FALSE),VLOOKUP(B55,'Piezas Sanitarias'!$B$4:$F$20,5,FALSE)) -> 1 | E55: Fría y Caliente | F55: =C55*D55 -> 1 | G55: =IF(E55="Fría",D55,D55*3/4) -> 0.75 | H55: =C55*G55 -> 0.75 | I55: =IF(E55="Fría",0,D55*3/4) -> 0.75 | J55: =C55*I55 -> 0.75
B56: Ducha | C56: 1 | D56: =IF(IF($C$4="Privado",1,0)=1,VLOOKUP(B56,'Piezas Sanitarias'!$B$4:$F$20,4,FALSE),VLOOKUP(B56,'Piezas Sanitarias'!$B$4:$F$20,5,FALSE)) -> 2 | E56: Fría y Caliente | F56: =C56*D56 -> 2 | G56: =IF(E56="Fría",D56,D56*3/4) -> 1.5 | H56: =C56*G56 -> 1.5 | I56: =IF(E56="Fría",0,D56*3/4) -> 1.5 | J56: =C56*I56 -> 1.5
B57: Pileta de lavar | C57: 1 | D57: =IF(IF($C$4="Privado",1,0)=1,VLOOKUP(B57,'Piezas Sanitarias'!$B$4:$F$20,4,FALSE),VLOOKUP(B57,'Piezas Sanitarias'!$B$4:$F$20,5,FALSE)) -> 2 | E57: Fría | F57: =C57*D57 -> 2 | G57: =IF(E57="Fría",D57,D57*3/4) -> 2 | H57: =C57*G57 -> 2 | I57: =IF(E57="Fría",0,D57*3/4) -> 0 | J57: =C57*I57 -> 0
B58: Fregadero doméstico | C58: 0 | D58: =IF(IF($C$4="Privado",1,0)=1,VLOOKUP(B58,'Piezas Sanitarias'!$B$4:$F$20,4,FALSE),VLOOKUP(B58,'Piezas Sanitarias'!$B$4:$F$20,5,FALSE)) -> 2 | E58: Fría y Caliente | F58: =C58*D58 -> 0 | G58: =IF(E58="Fría",D58,D58*3/4) -> 1.5 | H58: =C58*G58 -> 0 | I58: =IF(E58="Fría",0,D58*3/4) -> 1.5 | J58: =C58*I58 -> 0
D59: =IF(IF($C$4="Privado",1,0)=1,VLOOKUP(B59,'Piezas Sanitarias'!$B$4:$F$20,4,FALSE),VLOOKUP(B59,'Piezas Sanitarias'!$B$4:$F$20,5,FALSE)) -> 0 | E59: Fría y Caliente | F59: =C59*D59 -> 0 | G59: =IF(E59="Fría",D59,D59*3/4) -> 0 | H59: =C59*G59 -> 0 | I59: =IF(E59="Fría",0,D59*3/4) -> 0 | J59: =C59*I59 -> 0
D60: =IF(IF($C$4="Privado",1,0)=1,VLOOKUP(B60,'Piezas Sanitarias'!$B$4:$F$20,4,FALSE),VLOOKUP(B60,'Piezas Sanitarias'!$B$4:$F$20,5,FALSE)) -> 0 | E60: Fría y Caliente | F60: =C60*D60 -> 0 | G60: =IF(E60="Fría",D60,D60*3/4) -> 0 | H60: =C60*G60 -> 0 | I60: =IF(E60="Fría",0,D60*3/4) -> 0 | J60: =C60*I60 -> 0
D61: =IF(IF($C$4="Privado",1,0)=1,VLOOKUP(B61,'Piezas Sanitarias'!$B$4:$F$20,4,FALSE),VLOOKUP(B61,'Piezas Sanitarias'!$B$4:$F$20,5,FALSE)) -> 0 | E61: Fría | F61: =C61*D61 -> 0 | G61: =IF(E61="Fría",D61,D61*3/4) -> 0 | H61: =C61*G61 -> 0 | I61: =IF(E61="Fría",0,D61*3/4) -> 0 | J61: =C61*I61 -> 0
D62: =IF(IF($C$4="Privado",1,0)=1,VLOOKUP(B62,'Piezas Sanitarias'!$B$4:$F$20,4,FALSE),VLOOKUP(B62,'Piezas Sanitarias'!$B$4:$F$20,5,FALSE)) -> 0 | E62: Fría | F62: =C62*D62 -> 0 | G62: =IF(E62="Fría",D62,D62*3/4) -> 0 | H62: =C62*G62 -> 0 | I62: =IF(E62="Fría",0,D62*3/4) -> 0 | J62: =C62*I62 -> 0
D63: =IF(IF($C$4="Privado",1,0)=1,VLOOKUP(B63,'Piezas Sanitarias'!$B$4:$F$20,4,FALSE),VLOOKUP(B63,'Piezas Sanitarias'!$B$4:$F$20,5,FALSE)) -> 0 | E63: Fría | F63: =C63*D63 -> 0 | G63: =IF(E63="Fría",D63,D63*3/4) -> 0 | H63: =C63*G63 -> 0 | I63: =IF(E63="Fría",0,D63*3/4) -> 0 | J63: =C63*I63 -> 0
D64: TOTAL | F64: =SUM(F54:F63) -> 8 | H64: =SUM(H54:H63) -> 7.25 | J64: =SUM(J54:J63) -> 2.25
D65: Caudal probable | F65: =(IFERROR( IF($C$3="Tanques", IF(F64<100, 0.13*POWER(F64,0.669), 0.0145*F64+1.39-0.00000283*POWER(F64,2) ), IF($C$3="Fluxometros", IF(F64<150, 0.68*POWER(F64,0.4), 0.0122*F64+3.37-0.00000215*POWER(F64,2) ) ) ), 0))/1000 -> 0.00052252919 | G65: m3/s | H65: =(IFERROR( IF($C$3="Tanques", IF(H64<100, 0.13*POWER(H64,0.669), 0.0145*H64+1.39-0.00000283*POWER(H64,2) ), IF($C$3="Fluxometros", IF(H64<150, 0.68*POWER(H64,0.4), 0.0122*H64+3.37-0.00000215*POWER(H64,2) ) ) ), 0))/1000 -> 0.00048922594 | I65: m3/s | J65: =(IFERROR( IF($C$3="Tanques", IF(J64<100, 0.13*POWER(J64,0.669), 0.0145*J64+1.39-0.00000283*POWER(J64,2) ), IF($C$3="Fluxometros", IF(J64<150, 0.68*POWER(J64,0.4), 0.0122*J64+3.37-0.00000215*POWER(J64,2) ) ) ), 0))/1000 -> 0.00022364205 | K65: m3/s
F66: =(IFERROR( IF($C$3="Tanques", IF(F64<100, 0.13*POWER(F64,0.669), 0.0145*F64+1.39-0.00000283*POWER(F64,2) ), IF($C$3="Fluxometros", IF(F64<150, 0.68*POWER(F64,0.4), 0.0122*F64+3.37-0.00000215*POWER(F64,2) ) ) ), 0)) -> 0.52252919 | G66: l/s | H66: =(IFERROR( IF($C$3="Tanques", IF(H64<100, 0.13*POWER(H64,0.669), 0.0145*H64+1.39-0.00000283*POWER(H64,2) ), IF($C$3="Fluxometros", IF(H64<150, 0.68*POWER(H64,0.4), 0.0122*H64+3.37-0.00000215*POWER(H64,2) ) ) ), 0)) -> 0.48922594 | I66: l/s | J66: =(IFERROR( IF($C$3="Tanques", IF(J64<100, 0.13*POWER(J64,0.669), 0.0145*J64+1.39-0.00000283*POWER(J64,2) ), IF($C$3="Fluxometros", IF(J64<150, 0.68*POWER(J64,0.4), 0.0122*J64+3.37-0.00000215*POWER(J64,2) ) ) ), 0)) -> 0.22364205 | K66: l/s
B70: D-F
B72: CALCULO DE CAUDAL DE DISEÑO DE AGUA POTABLE FRÍA Y CALIENTE
B73: Predominan | C73: Tanques
B74: Tipo de uso | C74: Privado
B76: Pieza | C76: Cantidad de piezas | D76: Unidades accesorio por pieza | E76: Tipo de agua | F76: Unidades accesorio Total | G76: Unidades accesorio por pieza | H76: Unidades accesorio Agua Fría Total | I76: Unidades accesorio por pieza | J76: Unidades accesorio Agua Caliente Total
B77: Inodoro con tanque | C77: 1 | D77: =IF(IF($C$4="Privado",1,0)=1,VLOOKUP(B77,'Piezas Sanitarias'!$B$4:$F$20,4,FALSE),VLOOKUP(B77,'Piezas Sanitarias'!$B$4:$F$20,5,FALSE)) -> 3 | E77: Fría | F77: =C77*D77 -> 3 | G77: =IF(E77="Fría",D77,D77*3/4) -> 3 | H77: =C77*G77 -> 3 | I77: =IF(E77="Fría",0,D77*3/4) -> 0 | J77: =C77*I77 -> 0
B78: Lavatorio | C78: 1 | D78: =IF(IF($C$4="Privado",1,0)=1,VLOOKUP(B78,'Piezas Sanitarias'!$B$4:$F$20,4,FALSE),VLOOKUP(B78,'Piezas Sanitarias'!$B$4:$F$20,5,FALSE)) -> 1 | E78: Fría y Caliente | F78: =C78*D78 -> 1 | G78: =IF(E78="Fría",D78,D78*3/4) -> 0.75 | H78: =C78*G78 -> 0.75 | I78: =IF(E78="Fría",0,D78*3/4) -> 0.75 | J78: =C78*I78 -> 0.75
B79: Ducha | C79: 0 | D79: =IF(IF($C$4="Privado",1,0)=1,VLOOKUP(B79,'Piezas Sanitarias'!$B$4:$F$20,4,FALSE),VLOOKUP(B79,'Piezas Sanitarias'!$B$4:$F$20,5,FALSE)) -> 2 | E79: Fría y Caliente | F79: =C79*D79 -> 0 | G79: =IF(E79="Fría",D79,D79*3/4) -> 1.5 | H79: =C79*G79 -> 0 | I79: =IF(E79="Fría",0,D79*3/4) -> 1.5 | J79: =C79*I79 -> 0
B80: Pileta de lavar | C80: 0 | D80: =IF(IF($C$4="Privado",1,0)=1,VLOOKUP(B80,'Piezas Sanitarias'!$B$4:$F$20,4,FALSE),VLOOKUP(B80,'Piezas Sanitarias'!$B$4:$F$20,5,FALSE)) -> 2 | E80: Fría | F80: =C80*D80 -> 0 | G80: =IF(E80="Fría",D80,D80*3/4) -> 2 | H80: =C80*G80 -> 0 | I80: =IF(E80="Fría",0,D80*3/4) -> 0 | J80: =C80*I80 -> 0
B81: Fregadero doméstico | C81: 2 | D81: =IF(IF($C$4="Privado",1,0)=1,VLOOKUP(B81,'Piezas Sanitarias'!$B$4:$F$20,4,FALSE),VLOOKUP(B81,'Piezas Sanitarias'!$B$4:$F$20,5,FALSE)) -> 2 | E81: Fría y Caliente | F81: =C81*D81 -> 4 | G81: =IF(E81="Fría",D81,D81*3/4) -> 1.5 | H81: =C81*G81 -> 3 | I81: =IF(E81="Fría",0,D81*3/4) -> 1.5 | J81: =C81*I81 -> 3
D82: =IF(IF($C$4="Privado",1,0)=1,VLOOKUP(B82,'Piezas Sanitarias'!$B$4:$F$20,4,FALSE),VLOOKUP(B82,'Piezas Sanitarias'!$B$4:$F$20,5,FALSE)) -> 0 | E82: Fría y Caliente | F82: =C82*D82 -> 0 | G82: =IF(E82="Fría",D82,D82*3/4) -> 0 | H82: =C82*G82 -> 0 | I82: =IF(E82="Fría",0,D82*3/4) -> 0 | J82: =C82*I82 -> 0
D83: =IF(IF($C$4="Privado",1,0)=1,VLOOKUP(B83,'Piezas Sanitarias'!$B$4:$F$20,4,FALSE),VLOOKUP(B83,'Piezas Sanitarias'!$B$4:$F$20,5,FALSE)) -> 0 | E83: Fría y Caliente | F83: =C83*D83 -> 0 | G83: =IF(E83="Fría",D83,D83*3/4) -> 0 | H83: =C83*G83 -> 0 | I83: =IF(E83="Fría",0,D83*3/4) -> 0 | J83: =C83*I83 -> 0
D84: =IF(IF($C$4="Privado",1,0)=1,VLOOKUP(B84,'Piezas Sanitarias'!$B$4:$F$20,4,FALSE),VLOOKUP(B84,'Piezas Sanitarias'!$B$4:$F$20,5,FALSE)) -> 0 | E84: Fría | F84: =C84*D84 -> 0 | G84: =IF(E84="Fría",D84,D84*3/4) -> 0 | H84: =C84*G84 -> 0 | I84: =IF(E84="Fría",0,D84*3/4) -> 0 | J84: =C84*I84 -> 0
D85: =IF(IF($C$4="Privado",1,0)=1,VLOOKUP(B85,'Piezas Sanitarias'!$B$4:$F$20,4,FALSE),VLOOKUP(B85,'Piezas Sanitarias'!$B$4:$F$20,5,FALSE)) -> 0 | E85: Fría | F85: =C85*D85 -> 0 | G85: =IF(E85="Fría",D85,D85*3/4) -> 0 | H85: =C85*G85 -> 0 | I85: =IF(E85="Fría",0,D85*3/4) -> 0 | J85: =C85*I85 -> 0
D86: =IF(IF($C$4="Privado",1,0)=1,VLOOKUP(B86,'Piezas Sanitarias'!$B$4:$F$20,4,FALSE),VLOOKUP(B86,'Piezas Sanitarias'!$B$4:$F$20,5,FALSE)) -> 0 | E86: Fría | F86: =C86*D86 -> 0 | G86: =IF(E86="Fría",D86,D86*3/4) -> 0 | H86: =C86*G86 -> 0 | I86: =IF(E86="Fría",0,D86*3/4) -> 0 | J86: =C86*I86 -> 0
D87: TOTAL | F87: =SUM(F77:F86) -> 8 | H87: =SUM(H77:H86) -> 6.75 | J87: =SUM(J77:J86) -> 3.75
D88: Caudal probable | F88: =(IFERROR( IF($C$3="Tanques", IF(F87<100, 0.13*POWER(F87,0.669), 0.0145*F87+1.39-0.00000283*POWER(F87,2) ), IF($C$3="Fluxometros", IF(F87<150, 0.68*POWER(F87,0.4), 0.0122*F87+3.37-0.00000215*POWER(F87,2) ) ) ), 0))/1000 -> 0.00052252919 | G88: m3/s | H88: =(IFERROR( IF($C$3="Tanques", IF(H87<100, 0.13*POWER(H87,0.669), 0.0145*H87+1.39-0.00000283*POWER(H87,2) ), IF($C$3="Fluxometros", IF(H87<150, 0.68*POWER(H87,0.4), 0.0122*H87+3.37-0.00000215*POWER(H87,2) ) ) ), 0))/1000 -> 0.00046638822 | I88: m3/s | J88: =(IFERROR( IF($C$3="Tanques", IF(J87<100, 0.13*POWER(J87,0.669), 0.0145*J87+1.39-0.00000283*POWER(J87,2) ), IF($C$3="Fluxometros", IF(J87<150, 0.68*POWER(J87,0.4), 0.0122*J87+3.37-0.00000215*POWER(J87,2) ) ) ), 0))/1000 -> 0.00031475328 | K88: m3/s
F89: =(IFERROR( IF($C$3="Tanques", IF(F87<100, 0.13*POWER(F87,0.669), 0.0145*F87+1.39-0.00000283*POWER(F87,2) ), IF($C$3="Fluxometros", IF(F87<150, 0.68*POWER(F87,0.4), 0.0122*F87+3.37-0.00000215*POWER(F87,2) ) ) ), 0)) -> 0.52252919 | G89: l/s | H89: =(IFERROR( IF($C$3="Tanques", IF(H87<100, 0.13*POWER(H87,0.669), 0.0145*H87+1.39-0.00000283*POWER(H87,2) ), IF($C$3="Fluxometros", IF(H87<150, 0.68*POWER(H87,0.4), 0.0122*H87+3.37-0.00000215*POWER(H87,2) ) ) ), 0)) -> 0.46638822 | I89: l/s | J89: =(IFERROR( IF($C$3="Tanques", IF(J87<100, 0.13*POWER(J87,0.669), 0.0145*J87+1.39-0.00000283*POWER(J87,2) ), IF($C$3="Fluxometros", IF(J87<150, 0.68*POWER(J87,0.4), 0.0122*J87+3.37-0.00000215*POWER(J87,2) ) ) ), 0)) -> 0.31475328 | K89: l/s
B93: F-G
B95: CALCULO DE CAUDAL DE DISEÑO DE AGUA POTABLE FRÍA Y CALIENTE
B96: Predominan | C96: Tanques
B97: Tipo de uso | C97: Privado
B99: Pieza | C99: Cantidad de piezas | D99: Unidades accesorio por pieza | E99: Tipo de agua | F99: Unidades accesorio Total | G99: Unidades accesorio por pieza | H99: Unidades accesorio Agua Fría Total | I99: Unidades accesorio por pieza | J99: Unidades accesorio Agua Caliente Total
B100: Inodoro con tanque | C100: 1 | D100: =IF(IF($C$4="Privado",1,0)=1,VLOOKUP(B100,'Piezas Sanitarias'!$B$4:$F$20,4,FALSE),VLOOKUP(B100,'Piezas Sanitarias'!$B$4:$F$20,5,FALSE)) -> 3 | E100: Fría | F100: =C100*D100 -> 3 | G100: =IF(E100="Fría",D100,D100*3/4) -> 3 | H100: =C100*G100 -> 3 | I100: =IF(E100="Fría",0,D100*3/4) -> 0 | J100: =C100*I100 -> 0
B101: Lavatorio | C101: 1 | D101: =IF(IF($C$4="Privado",1,0)=1,VLOOKUP(B101,'Piezas Sanitarias'!$B$4:$F$20,4,FALSE),VLOOKUP(B101,'Piezas Sanitarias'!$B$4:$F$20,5,FALSE)) -> 1 | E101: Fría y Caliente | F101: =C101*D101 -> 1 | G101: =IF(E101="Fría",D101,D101*3/4) -> 0.75 | H101: =C101*G101 -> 0.75 | I101: =IF(E101="Fría",0,D101*3/4) -> 0.75 | J101: =C101*I101 -> 0.75
B102: Ducha | C102: 0 | D102: =IF(IF($C$4="Privado",1,0)=1,VLOOKUP(B102,'Piezas Sanitarias'!$B$4:$F$20,4,FALSE),VLOOKUP(B102,'Piezas Sanitarias'!$B$4:$F$20,5,FALSE)) -> 2 | E102: Fría y Caliente | F102: =C102*D102 -> 0 | G102: =IF(E102="Fría",D102,D102*3/4) -> 1.5 | H102: =C102*G102 -> 0 | I102: =IF(E102="Fría",0,D102*3/4) -> 1.5 | J102: =C102*I102 -> 0
B103: Pileta de lavar | C103: 0 | D103: =IF(IF($C$4="Privado",1,0)=1,VLOOKUP(B103,'Piezas Sanitarias'!$B$4:$F$20,4,FALSE),VLOOKUP(B103,'Piezas Sanitarias'!$B$4:$F$20,5,FALSE)) -> 2 | E103: Fría | F103: =C103*D103 -> 0 | G103: =IF(E103="Fría",D103,D103*3/4) -> 2 | H103: =C103*G103 -> 0 | I103: =IF(E103="Fría",0,D103*3/4) -> 0 | J103: =C103*I103 -> 0
B104: Fregadero doméstico | C104: 0 | D104: =IF(IF($C$4="Privado",1,0)=1,VLOOKUP(B104,'Piezas Sanitarias'!$B$4:$F$20,4,FALSE),VLOOKUP(B104,'Piezas Sanitarias'!$B$4:$F$20,5,FALSE)) -> 2 | E104: Fría y Caliente | F104: =C104*D104 -> 0 | G104: =IF(E104="Fría",D104,D104*3/4) -> 1.5 | H104: =C104*G104 -> 0 | I104: =IF(E104="Fría",0,D104*3/4) -> 1.5 | J104: =C104*I104 -> 0
D105: =IF(IF($C$4="Privado",1,0)=1,VLOOKUP(B105,'Piezas Sanitarias'!$B$4:$F$20,4,FALSE),VLOOKUP(B105,'Piezas Sanitarias'!$B$4:$F$20,5,FALSE)) -> 0 | E105: Fría y Caliente | F105: =C105*D105 -> 0 | G105: =IF(E105="Fría",D105,D105*3/4) -> 0 | H105: =C105*G105 -> 0 | I105: =IF(E105="Fría",0,D105*3/4) -> 0 | J105: =C105*I105 -> 0
D106: =IF(IF($C$4="Privado",1,0)=1,VLOOKUP(B106,'Piezas Sanitarias'!$B$4:$F$20,4,FALSE),VLOOKUP(B106,'Piezas Sanitarias'!$B$4:$F$20,5,FALSE)) -> 0 | E106: Fría y Caliente | F106: =C106*D106 -> 0 | G106: =IF(E106="Fría",D106,D106*3/4) -> 0 | H106: =C106*G106 -> 0 | I106: =IF(E106="Fría",0,D106*3/4) -> 0 | J106: =C106*I106 -> 0
D107: =IF(IF($C$4="Privado",1,0)=1,VLOOKUP(B107,'Piezas Sanitarias'!$B$4:$F$20,4,FALSE),VLOOKUP(B107,'Piezas Sanitarias'!$B$4:$F$20,5,FALSE)) -> 0 | E107: Fría | F107: =C107*D107 -> 0 | G107: =IF(E107="Fría",D107,D107*3/4) -> 0 | H107: =C107*G107 -> 0 | I107: =IF(E107="Fría",0,D107*3/4) -> 0 | J107: =C107*I107 -> 0
D108: =IF(IF($C$4="Privado",1,0)=1,VLOOKUP(B108,'Piezas Sanitarias'!$B$4:$F$20,4,FALSE),VLOOKUP(B108,'Piezas Sanitarias'!$B$4:$F$20,5,FALSE)) -> 0 | E108: Fría | F108: =C108*D108 -> 0 | G108: =IF(E108="Fría",D108,D108*3/4) -> 0 | H108: =C108*G108 -> 0 | I108: =IF(E108="Fría",0,D108*3/4) -> 0 | J108: =C108*I108 -> 0
D109: =IF(IF($C$4="Privado",1,0)=1,VLOOKUP(B109,'Piezas Sanitarias'!$B$4:$F$20,4,FALSE),VLOOKUP(B109,'Piezas Sanitarias'!$B$4:$F$20,5,FALSE)) -> 0 | E109: Fría | F109: =C109*D109 -> 0 | G109: =IF(E109="Fría",D109,D109*3/4) -> 0 | H109: =C109*G109 -> 0 | I109: =IF(E109="Fría",0,D109*3/4) -> 0 | J109: =C109*I109 -> 0
D110: TOTAL | F110: =SUM(F100:F109) -> 4 | H110: =SUM(H100:H109) -> 3.75 | J110: =SUM(J100:J109) -> 0.75
D111: Caudal probable | F111: =(IFERROR( IF($C$3="Tanques", IF(F110<100, 0.13*POWER(F110,0.669), 0.0145*F110+1.39-0.00000283*POWER(F110,2) ), IF($C$3="Fluxometros", IF(F110<150, 0.68*POWER(F110,0.4), 0.0122*F110+3.37-0.00000215*POWER(F110,2) ) ) ), 0))/1000 -> 0.00032864081 | G111: m3/s | H111: =(IFERROR( IF($C$3="Tanques", IF(H110<100, 0.13*POWER(H110,0.669), 0.0145*H110+1.39-0.00000283*POWER(H110,2) ), IF($C$3="Fluxometros", IF(H110<150, 0.68*POWER(H110,0.4), 0.0122*H110+3.37-0.00000215*POWER(H110,2) ) ) ), 0))/1000 -> 0.00031475328 | I111: m3/s | J111: =(IFERROR( IF($C$3="Tanques", IF(J110<100, 0.13*POWER(J110,0.669), 0.0145*J110+1.39-0.00000283*POWER(J110,2) ), IF($C$3="Fluxometros", IF(J110<150, 0.68*POWER(J110,0.4), 0.0122*J110+3.37-0.00000215*POWER(J110,2) ) ) ), 0))/1000 -> 0.00010724063 | K111: m3/s
F112: =(IFERROR( IF($C$3="Tanques", IF(F110<100, 0.13*POWER(F110,0.669), 0.0145*F110+1.39-0.00000283*POWER(F110,2) ), IF($C$3="Fluxometros", IF(F110<150, 0.68*POWER(F110,0.4), 0.0122*F110+3.37-0.00000215*POWER(F110,2) ) ) ), 0)) -> 0.32864081 | G112: l/s | H112: =(IFERROR( IF($C$3="Tanques", IF(H110<100, 0.13*POWER(H110,0.669), 0.0145*H110+1.39-0.00000283*POWER(H110,2) ), IF($C$3="Fluxometros", IF(H110<150, 0.68*POWER(H110,0.4), 0.0122*H110+3.37-0.00000215*POWER(H110,2) ) ) ), 0)) -> 0.31475328 | I112: l/s | J112: =(IFERROR( IF($C$3="Tanques", IF(J110<100, 0.13*POWER(J110,0.669), 0.0145*J110+1.39-0.00000283*POWER(J110,2) ), IF($C$3="Fluxometros", IF(J110<150, 0.68*POWER(J110,0.4), 0.0122*J110+3.37-0.00000215*POWER(J110,2) ) ) ), 0)) -> 0.10724063 | K112: l/s
B116: F-H
B118: CALCULO DE CAUDAL DE DISEÑO DE AGUA POTABLE FRÍA Y CALIENTE
B119: Predominan | C119: Tanques
B120: Tipo de uso | C120: Privado
B122: Pieza | C122: Cantidad de piezas | D122: Unidades accesorio por pieza | E122: Tipo de agua | F122: Unidades accesorio Total | G122: Unidades accesorio por pieza | H122: Unidades accesorio Agua Fría Total | I122: Unidades accesorio por pieza | J122: Unidades accesorio Agua Caliente Total
B123: Inodoro con tanque | C123: 0 | D123: =IF(IF($C$4="Privado",1,0)=1,VLOOKUP(B123,'Piezas Sanitarias'!$B$4:$F$20,4,FALSE),VLOOKUP(B123,'Piezas Sanitarias'!$B$4:$F$20,5,FALSE)) -> 3 | E123: Fría | F123: =C123*D123 -> 0 | G123: =IF(E123="Fría",D123,D123*3/4) -> 3 | H123: =C123*G123 -> 0 | I123: =IF(E123="Fría",0,D123*3/4) -> 0 | J123: =C123*I123 -> 0
B124: Lavatorio | C124: 0 | D124: =IF(IF($C$4="Privado",1,0)=1,VLOOKUP(B124,'Piezas Sanitarias'!$B$4:$F$20,4,FALSE),VLOOKUP(B124,'Piezas Sanitarias'!$B$4:$F$20,5,FALSE)) -> 1 | E124: Fría y Caliente | F124: =C124*D124 -> 0 | G124: =IF(E124="Fría",D124,D124*3/4) -> 0.75 | H124: =C124*G124 -> 0 | I124: =IF(E124="Fría",0,D124*3/4) -> 0.75 | J124: =C124*I124 -> 0
B125: Ducha | C125: 0 | D125: =IF(IF($C$4="Privado",1,0)=1,VLOOKUP(B125,'Piezas Sanitarias'!$B$4:$F$20,4,FALSE),VLOOKUP(B125,'Piezas Sanitarias'!$B$4:$F$20,5,FALSE)) -> 2 | E125: Fría y Caliente | F125: =C125*D125 -> 0 | G125: =IF(E125="Fría",D125,D125*3/4) -> 1.5 | H125: =C125*G125 -> 0 | I125: =IF(E125="Fría",0,D125*3/4) -> 1.5 | J125: =C125*I125 -> 0
B126: Pileta de lavar | C126: 0 | D126: =IF(IF($C$4="Privado",1,0)=1,VLOOKUP(B126,'Piezas Sanitarias'!$B$4:$F$20,4,FALSE),VLOOKUP(B126,'Piezas Sanitarias'!$B$4:$F$20,5,FALSE)) -> 2 | E126: Fría | F126: =C126*D126 -> 0 | G126: =IF(E126="Fría",D126,D126*3/4) -> 2 | H126: =C126*G126 -> 0 | I126: =IF(E126="Fría",0,D126*3/4) -> 0 | J126: =C126*I126 -> 0
B127: Fregadero doméstico | C127: 2 | D127: =IF(IF($C$4="Privado",1,0)=1,VLOOKUP(B127,'Piezas Sanitarias'!$B$4:$F$20,4,FALSE),VLOOKUP(B127,'Piezas Sanitarias'!$B$4:$F$20,5,FALSE)) -> 2 | E127: Fría y Caliente | F127: =C127*D127 -> 4 | G127: =IF(E127="Fría",D127,D127*3/4) -> 1.5 | H127: =C127*G127 -> 3 | I127: =IF(E127="Fría",0,D127*3/4) -> 1.5 | J127: =C127*I127 -> 3
...

Sheet Piezas Sanitarias
B3: Accesorio | C3: Diámetro mínimo (mm) | D3: Presión mínima (mca) | E3: Unidades de accesorio (Uso privado) | F3: Unidades de accesorio (Uso público)
B4: Tina de baño | C4: 12 | D4: 2 | E4: 2 | F4: 4
B5: Bidé | C5: 12 | D5: 3 | E5: 1 | F5: 2
B6: Ducha | C6: 12 | D6: 2 | E6: 2 | F6: 4
B7: Fregadero doméstico | C7: 12 | D7: 2 | E7: 2 | F7: 4
B8: Fregadero comercial | C8: 12 | D8: 2 | E8: 0 | F8: 4
B9: Fregadero clínicas | C9: 12 | D9: 4 | E9: 0 | F9: 8
B10: Inodoro con tanque | C10: 12 | D10: 2 | E10: 3 | F10: 5
B11: Inodoro con fluxómetro | C11: 32 | D11: 7 a 14 | E11: 6 | F11: 10
B12: Fuente para beber | C12: 12 | D12: 2,5 | E12: 0 | F12: 1
B13: Lavatorio | C13: 12 | D13: 2 | E13: 1 | F13: 2
B14: Lavadora | C14: 12 | D14: 3,5 | E14: 4 | F14: 0
B15: Llave para riego (jardín) | C15: 12 | D15: 10 | E15: 2 | F15: 2
B16: Mingitorios con tanque | C16: 18 | D16: 2 | E16: 0 | F16: 3
B17: Mingitorios con fluxómetro | C17: 18 | D17: 5 a 10 | E17: 5 | F17: 6
B18: Lavaplatos doméstico | C18: 12 | D18: 2 | E18: 1.5 | F18: 0
B19: Pileta de lavar | C19: 12 | D19: 2 | E19: 2 | F19: 4

Sheet Memoria de Cálculo (2)
B3: TRAMO | C3: Longitud | D3: Caudal | E3: Velocidad | F3: Diam | G3: Diam | H3: Diam | I3: SDR | J3: C | K3: Caída | L3: Presión | M3: Altura | N3: Tramos | O3: Ruta | P3: TRAMO
C4: tubería | F4: inter | G4: selec | H4: nominal | K4: Presión | L4: mínima | M4: geométrica | N4: Críticos | O4: Crítica
C5: (m) | D5: (m3/s) | E5: (m/s) | F5: (mm) | G5: (mm) | H5: (pulg) | K5: (mca) | L5: (mca) | M5: (m) | O5: (mca)
B7: A-B | C7: 1.75 | D7: ='Caudal de Diseño'!J18 -> 0.0005964684 | E7: 1.5 | F7: =((((4*D7)/(PI()*E7))^(0.5))*1000) -> 22.501069 | G7: 25 | I7: 26 | J7: 160 | K7: =((10.675*((D7/J7))^(1.85))*C7)/(G7/1000)^(4.87) -> 0.10731314 | P7: A-B
B8: B-C | C8: 3.1 | D8: ='Caudal de Diseño'!J274 -> 0.00027110497 | E8: 1.5 | F8: =((((4*D8)/(PI()*E8))^(0.5))*1000) -> 15.169741 | G8: 18 | I8: 26 | J8: 160 | K8: =((10.675*((D8/J8))^(1.85))*C8)/(G8/1000)^(4.87) -> 0.21889449 | P8: B-C
B9: B-D | C9: 4.98 | D9: ='Caudal de Diseño'!J297 -> 0.00046638822 | E9: 1.5 | F9: =((((4*D9)/(PI()*E9))^(0.5))*1000) -> 19.896799 | G9: 25 | I9: 26 | J9: 160 | K9: =((10.675*((D9/J9))^(1.85))*C9)/(G9/1000)^(4.87) -> 0.19372712 | P9: C-D
B10: D-E | C10: 21.38 | D10: =D9 -> 0.00046638822 | E10: 1.5 | F10: =((((4*D10)/(PI()*E10))^(0.5))*1000) -> 19.896799 | G10: 25 | I10: 26 | J10: 160 | K10: =((10.675*((D10/J10))^(1.85))*C10)/(G10/1000)^(4.87) -> 0.831704 | P10: D-E
B11: E-F | C11: 7.1 | D11: =D10 -> 0.00046638822 | E11: 1.5 | F11: =((((4*D11)/(PI()*E11))^(0.5))*1000) -> 19.896799 | G11: 25 | I11: 26 | J11: 160 | K11: =((10.675*((D11/J11))^(1.85))*C11)/(G11/1000)^(4.87) -> 0.27619731 | P11: E-F
B12: F-G | C12: 2.83 | D12: ='Caudal de Diseño'!J320 -> 0.00010724063 | E12: 1.5 | F12: =((((4*D12)/(PI()*E12))^(0.5))*1000) -> 9.5408946 | G12: 12 | I12: 26 | J12: 160 | K12: =((10.675*((D12/J12))^(1.85))*C12)/(G12/1000)^(4.87) -> 0.25887163 | P12: F-G
B13: F-H | C13: 2.29 | D13: ='Caudal de Diseño'!J345 -> 0.00022364205 | E13: 1.5 | F13: =((((4*D13)/(PI()*E13))^(0.5))*1000) -> 13.777999 | G13: 18 | I13: 26 | J13: 160 | K13: =((10.675*((D13/J13))^(1.85))*C13)/(G13/1000)^(4.87) -> 0.11326043 | P13: E-H
B14: H-I | C14: 3.95 | D14: ='Caudal de Diseño'!J345 -> 0.00022364205 | E14: 1.5 | F14: =((((4*D14)/(PI()*E14))^(0.5))*1000) -> 13.777999 | G14: 18 | I14: 26 | J14: 160 | K14: =((10.675*((D14/J14))^(1.85))*C14)/(G14/1000)^(4.87) -> 0.19536187 | P14: H-I
B15: H-J | C15: 6.92 | D15: ='Caudal de Diseño'!J392 -> 0.00031475328 | E15: 1.5 | F15: =((((4*D15)/(PI()*E15))^(0.5))*1000) -> 16.345363 | G15: 18 | I15: 26 | J15: 160 | K15: =((10.675*((D15/J15))^(1.85))*C15)/(G15/1000)^(4.87) -> 0.64405048 | P15: H-J
B16: J-K | C16: 30.63 | D16: =D15 -> 0.00031475328 | E16: 1.5 | F16: =((((4*D16)/(PI()*E16))^(0.5))*1000) -> 16.345363 | G16: 18 | I16: 26 | J16: 160 | K16: =((10.675*((D16/J16))^(1.85))*C16)/(G16/1000)^(4.87) -> 2.850761 | P16: J-K
B17: K-L | C17: 3.92 | D17: ='Caudal de Diseño'!J416 -> 0.00010724063 | E17: 1.5 | F17: =((((4*D17)/(PI()*E17))^(0.5))*1000) -> 9.5408946 | G17: 12 | I17: 26 | J17: 160 | K17: =((10.675*((D17/J17))^(1.85))*C17)/(G17/1000)^(4.87) -> 0.35857837 | P17: K-L
B18: K-M | C18: 14.28 | D18: ='Caudal de Diseño'!J440 -> 0.00027110497 | E18: 1.5 | F18: =((((4*D18)/(PI()*E18))^(0.5))*1000) -> 15.169741 | G18: 18 | I18: 26 | J18: 160 | K18: =((10.675*((D18/J18))^(1.85))*C18)/(G18/1000)^(4.87) -> 1.0083269 | P18: M-N
B19: M-N | C19: 7.12 | D19: =D18 -> 0.00027110497 | E19: 1.5 | F19: =((((4*D19)/(PI()*E19))^(0.5))*1000) -> 15.169741 | G19: 18 | I19: 26 | J19: 160 | K19: =((10.675*((D19/J19))^(1.85))*C19)/(G19/1000)^(4.87) -> 0.50275122
B20: N-O | C20: 4.03 | D20: ='Caudal de Diseño'!J464 -> 0.00022364205 | E20: 1.5 | F20: =((((4*D20)/(PI()*E20))^(0.5))*1000) -> 13.777999 | G20: 18 | I20: 26 | J20: 160 | K20: =((10.675*((D20/J20))^(1.85))*C20)/(G20/1000)^(4.87) -> 0.19931857
B21: N-P | C21: 2.17 | D21: ='Caudal de Diseño'!J487 -> 0.00010724063 | E21: 1.5 | F21: =((((4*D21)/(PI()*E21))^(0.5))*1000) -> 9.5408946 | G21: 12 | I21: 26 | J21: 160 | K21: =((10.675*((D21/J21))^(1.85))*C21)/(G21/1000)^(4.87) -> 0.19849874
B22: P-Q | C22: 3.06 | D22: =D21 -> 0.00010724063 | E22: 1.5 | F22: =((((4*D22)/(PI()*E22))^(0.5))*1000) -> 9.5408946 | G22: 12 | I22: 26 | J22: 160 | K22: =((10.675*((D22/J22))^(1.85))*C22)/(G22/1000)^(4.87) -> 0.27991067 | L22: 2 | M22: 0.75 | O22: =M22+L22+K22+K21+K19+K18+K16+K15+K13+K11+K10+K9+K7 -> 9.756501 | Q22: No se requiere sistema de bombeo

Sheet Memoria de Cálculo
B3: TRAMO | C3: Longitud | D3: Caudal | E3: Velocidad | F3: Diam | G3: Diam | H3: Diam | I3: SDR | J3: C | K3: Caída | L3: Presión | M3: Altura | N3: Tramos | O3: Ruta | P3: TRAMO
C4: tubería | F4: inter | G4: selec | H4: nominal | K4: Presión | L4: mínima | M4: geométrica | N4: Críticos | O4: Crítica
C5: (m) | D5: (m3/s) | E5: (m/s) | F5: (mm) | G5: (mm) | H5: (pulg) | K5: (mca) | L5: (mca) | M5: (m) | O5: (mca)
B7: A-B | C7: 5.63 | D7: ='Caudal de Diseño'!H18 -> 0.0011717176 | E7: 1.5 | F7: =((((4*D7)/(PI()*E7))^(0.5))*1000) -> 31.537039 | G7: 38 | I7: 26 | J7: 160 | K7: =((10.675*((D7/J7))^(1.85))*C7)/(G7/1000)^(4.87) -> 0.15668618 | P7: A-B
B8: B-C | C8: 24.15 | D8: ='Caudal de Diseño'!H41 -> 0.00075980651 | E8: 1.5 | F8: =((((4*D8)/(PI()*E8))^(0.5))*1000) -> 25.395744 | G8: 31 | I8: 26 | J8: 160 | K8: =((10.675*((D8/J8))^(1.85))*C8)/(G8/1000)^(4.87) -> 0.81289072 | P8: B-C
B9: C-D | C9: 6.92 | D9: =D8 -> 0.00075980651 | E9: 1.5 | F9: =((((4*D9)/(PI()*E9))^(0.5))*1000) -> 25.395744 | G9: 31 | I9: 26 | J9: 160 | K9: =((10.675*((D9/J9))^(1.85))*C9)/(G9/1000)^(4.87) -> 0.23292769 | P9: C-D
B10: D-E | C10: 5.29 | D10: ='Caudal de Diseño'!H65 -> 0.00048922594 | E10: 1.5 | F10: =((((4*D10)/(PI()*E10))^(0.5))*1000) -> 20.378123 | G10: 25 | I10: 26 | J10: 160 | K10: =((10.675*((D10/J10))^(1.85))*C10)/(G10/1000)^(4.87) -> 0.22481552 | P10: D-E
B11: D-F | C11: 2.69 | D11: ='Caudal de Diseño'!H88 -> 0.00046638822 | E11: 1.5 | F11: =((((4*D11)/(PI()*E11))^(0.5))*1000) -> 19.896799 | G11: 25 | I11: 26 | J11: 160 | K11: =((10.675*((D11/J11))^(1.85))*C11)/(G11/1000)^(4.87) -> 0.10464377 | P11: E-F
B12: F-G | C12: 3.03 | D12: ='Caudal de Diseño'!H111 -> 0.00031475328 | E12: 1.5 | F12: =((((4*D12)/(PI()*E12))^(0.5))*1000) -> 16.345363 | G12: 18 | I12: 26 | J12: 160 | K12: =((10.675*((D12/J12))^(1.85))*C12)/(G12/1000)^(4.87) -> 0.28200476 | P12: F-G
B13: F-H | C13: 7.1 | D13: ='Caudal de Diseño'!H134 -> 0.00027110497 | E13: 1.5 | F13: =((((4*D13)/(PI()*E13))^(0.5))*1000) -> 15.169741 | G13: 18 | I13: 26 | J13: 160 | K13: =((10.675*((D13/J13))^(1.85))*C13)/(G13/1000)^(4.87) -> 0.501339 | P13: E-H
B14: H-I | C14: 21.78 | D14: =D13 -> 0.00027110497 | E14: 1.5 | F14: =((((4*D14)/(PI()*E14))^(0.5))*1000) -> 15.169741 | G14: 18 | I14: 26 | J14: 160 | K14: =((10.675*((D14/J14))^(1.85))*C14)/(G14/1000)^(4.87) -> 1.5379103 | P14: H-I
B15: I-J | C15: 7.28 | D15: =D14 -> 0.00027110497 | E15: 1.5 | F15: =((((4*D15)/(PI()*E15))^(0.5))*1000) -> 15.169741 | G15: 18 | I15: 26 | J15: 160 | K15: =((10.675*((D15/J15))^(1.85))*C15)/(G15/1000)^(4.87) -> 0.514049 | L15: 2 | M15: 0.75 | O15: =K15+K14+K13+K10+K9+K8+K7+M15+L15 -> 6.7306184 | P15: H-J | Q15: No se requiere sistema de bombeo
B16: B-K | C16: 7.88 | D16: ='Caudal de Diseño'!H157 -> 0.00071372296 | E16: 1.5 | F16: =((((4*D16)/(PI()*E16))^(0.5))*1000) -> 24.61355 | G16: 31 | I16: 26 | J16: 160 | K16: =((10.675*((D16/J16))^(1.85))*C16)/(G16/1000)^(4.87) -> 0.23624932 | P16: J-K
B17: K-P | C17: 4.12 | D17: ='Caudal de Diseño'!H181 -> 0.00031475328 | E17: 1.5 | F17: =((((4*D17)/(PI()*E17))^(0.5))*1000) -> 16.345363 | G17: 18 | I17: 26 | J17: 160 | K17: =((10.675*((D17/J17))^(1.85))*C17)/(G17/1000)^(4.87) -> 0.38345202 | P17: K-L
B18: K-L | C18: 14.28 | D18: ='Caudal de Diseño'!H204 -> 0.00056536848 | E18: 1.5 | F18: =((((4*D18)/(PI()*E18))^(0.5))*1000) -> 21.906612 | G18: 25 | I18: 26 | J18: 160 | K18: =((10.675*((D18/J18))^(1.85))*C18)/(G18/1000)^(4.87) -> 0.79308498 | P18: M-N
B19: L-M | C19: 7.12 | D19: =D18 -> 0.00056536848 | E19: 1.5 | F19: =((((4*D19)/(PI()*E19))^(0.5))*1000) -> 21.906612 | G19: 25 | I19: 26 | J19: 160 | K19: =((10.675*((D19/J19))^(1.85))*C19)/(G19/1000)^(4.87) -> 0.39543173
B20: M-Q | C20: 4.23 | D20: ='Caudal de Diseño'!H227 -> 0.00039421208 | E20: 1.5 | F20: =((((4*D20)/(PI()*E20))^(0.5))*1000) -> 18.292556 | G20: 25 | I20: 26 | J20: 160 | K20: =((10.675*((D20/J20))^(1.85))*C20)/(G20/1000)^(4.87) -> 0.12056432
B21: M-N | C21: 2.57 | D21: ='Caudal de Diseño'!H250 -> 0.00031475328 | E21: 1.5 | F21: =((((4*D21)/(PI()*E21))^(0.5))*1000) -> 16.345363 | G21: 18 | I21: 26 | J21: 160 | K21: =((10.675*((D21/J21))^(1.85))*C21)/(G21/1000)^(4.87) -> 0.23919216
B22: N-O | C22: 3.26 | D22: =D21 -> 0.00031475328 | E22: 1.5 | F22: =((((4*D22)/(PI()*E22))^(0.5))*1000) -> 16.345363 | G22: 18 | I22: 26 | J22: 160 | K22: =((10.675*((D22/J22))^(1.85))*C22)/(G22/1000)^(4.87) -> 0.30341107 | L22: 2 | M22: 0.75 | O22: =M22+L22+K22+K21+K19+K18+K16+K7 -> 4.8740554
